Joint,nRMSE (position),nRMSE (external torque),Leader impedance
Joint 2,-0.013785031188913407,-1.1651599011217626,1044.8835782217873
Joint 4,0.010485049529262753,-0.3146376194871201,201.6912970756935
