Joint,nRMSE (position),nRMSE (external torque),Leader impedance
Joint 2,-0.010566296177122113,-1.3285263270028462,2070.6424294468616
Joint 4,0.004480013409908648,-0.48573455306869606,397.7943417775828
