Joint,nRMSE (position),nRMSE (external torque),Leader impedance
Joint 2,-0.020947936085059623,-1.1388490414706167,971.8160982415478
Joint 4,0.013803416710372777,-0.22481089151370437,199.81536845925723
