Joint,nRMSE (position),nRMSE (external torque),Leader impedance
Joint 2,-0.006024064044179146,-1.294774858112218,2010.951951755602
Joint 4,0.0038147384185290745,-0.4745567266685395,400.3084005789853
