Joint,nRMSE (position),nRMSE (external torque),Leader impedance
Joint 2,-0.01494679283246832,-1.6072307944766053,1215.4503467607906
Joint 4,0.008757708719304435,-1.0322036532510053,200.03606447988673
