Joint,nRMSE (position),nRMSE (external torque),Leader impedance
Joint 2,-0.017916014194918922,-1.875329000933086,701.7491656485784
Joint 4,0.009666135464426894,-6.861237035788741,114.60329344609688
